"course","code","degree","dept"
"Art & Design Flexible Mode Yr 4","G-AARPG74","BA","CCAM"
"Art & Design Flexible Mode Yr 5","G-AARPG75","BA","CCAM"
"Art & Design Flexible Mode Yr 6","G-AARPG76","BA","CCAM"
"Art & Design Ceramics L7 Yr 3","G-AARTG73","BA","CCAM"
"Art & Design Painting L7 Yr 3","G-AARTG73","BA","CCAM"
"Art & Design Printmaking L7 Yr 3","G-AARTG73","BA","CCAM"
"Art & Design Sculpture L7 Yr 3","G-AARTG73","BA","CCAM"
"Art & Design Textiles L7 Yr 3","G-AARTG73","BA","CCAM"
"Contemporary Art
 L7 Yr 1 Sem 1 Gr A","G-ACONG71","BA","CCAM"
"Contemporary Art
 L7 Yr 1 Sem 1 Gr B","G-ACONG71","BA","CCAM"
"Contemporary Art
 L7 Yr 1 Sem 1 Gr C","G-ACONG71","BA","CCAM"
"Contemporary Art
 L7 Yr 1 Sem 2 Gr C","G-ACONG71","BA","CCAM"
"Contemporary Art  Gr B L7 Yr 2 Sem 3","G-ACONG72","BA","CCAM"
"Contemporary Art
 Gr A L7 Yr 2 Sem 3","G-ACONG72","BA","CCAM"
"Contemporary Art
 L7 Yr 2 Sem 4","G-ACONG72","BA","CCAM"
"Contemporary Art
 L7 Yr 2 Sem 4","G-ACONG72","BA","CCAM"
"Contemporary Art
 L7 Yr 2 Sem 4","G-ACONG72","BA","CCAM"
"(Honours) in Contemporary Art
 L8 Yr 2 Sem 4","G-ACONG82","BA","CCAM"
"Contemporary Art
 L7 Yr 1 Sem 2 Gr A","G-ACONGG71","BA","CCAM"
"Contemporary Art
 L7 Yr 1 Sem 2 Gr B","G-ACONGG71","BA","CCAM"
"MA-CP-1","G-ACREG95","Unknown","CCAM"
"MA-CP-2","G-ACREG95","Unknown","CCAM"
"MA-CP-3","G-ACREG95","Unknown","CCAM"
"MA-CP-4","G-ACREG95","Unknown","CCAM"
"Fine Art Ceramics L8 Yr 4","G-AFING84","BA","CCAM"
"Fine Art Painting L8 Yr 4","G-AFING84","BA","CCAM"
"Fine Art Printmaking L8 Yr 4","G-AFING84","BA","CCAM"
"Fine Art Sculpture L8 Yr 4","G-AFING84","BA","CCAM"
"Contemporary Art
 L7 Yr 1 Sem 1 Gr D","G-DDESG71","BA","CCAM"
"Contemporary Art
 L7 Yr 1 Sem 2 Gr D","G-DDESG71","BA","CCAM"
"Contemporary Art
 L7 Yr 1 Sem 1 Gr E","G-DDESG71","BA","CCAM"
"Contemporary Art
 L7 Yr 1 Sem 2 Gr E","G-DDESG71","BA","CCAM"
"Contemporary Art
 L7 Yr 1 Sem 1 Gr F","G-DDESG71","BA","CCAM"
"Contemporary Art
 L7 Yr 1 Sem 2 Gr F","G-DDESG71","BA","CCAM"
"Contemporary Art
 L7 Yr 2 Sem 4","G-DDESG72","BA","CCAM"
"Contemporary Art
 L7 Yr 2 Sem 3 Gr C","G-DDESG72","BA","CCAM"
"Contemporary Art
 L7 Yr 2 Sem 3 Gr D","G-DDESG72","BA","CCAM"
"Honours in Design in Textiles L8 Yr 4","G-DTEXT84","BA","CCAM"
"(Honours) in Film & Documentary L8 Yr 1 Sem 1","G-HFILG81","BA","CCAM"
"(Honours) in Film & Documentary L8 Yr 1 Sem 2","G-HFILG81A","BA","CCAM"
"(Honours) in Film & Documentary L8 Yr 1 Sem 2","G-HFILG81B","BA","CCAM"
"(Honours) in Film & Documentary L8 Yr 1 Sem 2","G-HFILG81C","BA","CCAM"
"(Honours) in Film & Documentary L8 Yr 2 Sem 3","G-HFILG82","BA","CCAM"
"(Honours) in Film & Documentary L8 Yr 2 Sem 4 Gr A","G-HFILG82","BA","CCAM"
"(Honours) in Film & Documentary L8 Yr 2 Sem 4 Gr B","G-HFILG82","BA","CCAM"
"(Honours) in Film & Documentary L8 Yr 2 Sem 4 Gr C","G-HFILG82","BA","CCAM"
"(Honours) in Film & Documentary L8 Yr 3 Sem 5","G-HFILG83","BA","CCAM"
"Film & TV L8 Yr 3 Sem 6 Gr A","G-HFITG83","BA","CCAM"
"Film & TV L8 Yr 3 Sem 6 Gr B","G-HFITG83","BA","CCAM"
"Film & TV L8 Yr 3 Sem 6 Gr C","G-HFITG83","BA","CCAM"
"Film & TV L8 Yr 3 Sem 6 Gr D","G-HFITG83","BA","CCAM"
"Architectural Technology  Yr 1 Sem 1","G-EARAG1","Unknown","CE"
"Architectural Technology  Yr 1 Sem 2","G-EARAG1","Unknown","CE"
"Architectural Technology  Yr 2","G-EARAG2","Unknown","CE"
"Architectural Technology  Yr 3","G-EARAG3","Unknown","CE"
"(Hons) in Architectural Technology L8 Yr 4","G-EARAG84","BSc","CE"
"Engineering in Building Information Modelling L8 Yr 1","G-EBIMG81","Higher Diploma","CE"
"Quantity Surveying and Construction Economics Yr 2 Sem 3","G-ECEAG2","BSc","CE"
"Quantity Surveying and Construction Economics Yr 2 Sem 4","G-ECEAG2","BSc","CE"
"Construction Economics & Quantity Surveying Yr 3 Sem  6","G-ECEAG3","Unknown","CE"
"Construction Economics & Quantity Surveying Yr 3 Sem 5","G-ECEAG3","Unknown","CE"
"(Hons) in Construction Economics & Quantity Surveying L8 Yr 4","G-ECEAG84","BSc","CE"
"Quantity Surveying and Construction Economics Yr 1","G-ECEQG1","BSc","CE"
"Civil Engineering Yr 1 Sem 1","G-ECIAG1","Unknown","CE"
"Civil Engineering Yr 1 Sem 2","G-ECIAG1","Unknown","CE"
"Civil Engineering Yr 2","G-ECIAG2","Unknown","CE"
"Civil Engineering Yr 3 Sem 5","G-ECIAG3","Unknown","CE"
"Civil Engineering Yr 3 Sem 6","G-ECIAG3","Unknown","CE"
"Civil Engineering L8 Yr 4","G-ECIVG84","BEng","CE"
"Construction Mgmt Yr 1","G-ECOMG1","Unknown","CE"
"Construction Mgmt Yr 2","G-ECOMG2","Unknown","CE"
"Construction Mgmt Yr 3 Sem 5","G-ECOMG3","Unknown","CE"
"Construction Mgmt Yr 4","G-ECOMG4","Unknown","CE"
"Construction Economics and QS L7 Yr 1","G-EQSCG71","BSc","CE"
"Business Computing & Digital Media L7 Yr 2 Sem 3","G-KBDIG72","BSc","CS"
"Business Computing & Digital Media L7 Yr 2 Sem 4","G-KBDIG72","BSc","CS"
"Business Computing & Digital Media L7 Yr 3 Sem 5","G-KBDIG73","BSc","CS"
"Business Computing & Digital Media L7 Yr 3 Sem 6","G-KBDIG73","BSc","CS"
"Business Computing & Digital Media L7 Yr 1 Sem 1","G-KCDMG71","BSc","CS"
"Business Computing & Digital Media L7 Yr 1 Sem 2","G-KCDMG71","BSc","CS"
"Business Computing & Digital Media L8 Yr 1 Sem 1","G-KCDMG81","BSc","CS"
"Business Computing & Digital Media L8 Yr 1 Sem 2","G-KCDMG81","BSc","CS"
"Computing and Digital Media
 L8 Yr 4 Sem 7","G-KCDMG84","BSc","CS"
"Computing and Digital Media
 L8 Yr 4 Sem 8","G-KCDMG84","BSc","CS"
"Information Technology for Business L8 Yr 4 Sem 7","G-KITAG84","BSc","CS"
"Information Technology for Business L8 Yr 4 Sem 8","G-KITAG84","BSc","CS"
"(HONOURS) in Computing in Software Development L8 Yr 1 Sem","G-KSOAG81","BSc","CS"
"(HONOURS) in Computing in Software Development L8 Yr 1 Sem 2","G-KSOAG81","BSc","CS"
"(HONOURS) in Computing in Software Development L8 Yr 2 Sem 3","G-KSOAG82","BSc","CS"
"(HONOURS) in Computing in Software Development L8 Yr 2 Sem 4","G-KSOAG82","BSc","CS"
"Computing in Software Development Yr 1 Sem 2","G-KSOFG1","BSc","CS"
"Computing in Software Development L7 Yr 1 Sem 1","G-KSOFG71","BSc","CS"
"Software Development L7 Yr 2 Sem 3","G-KSOFG72","BSc","CS"
"Software Development L7 Yr 2 Sem 4","G-KSOFG72","BSc","CS"
"Computing in Software Development L7 Yr 3 Sem 5","G-KSOFG73","BSc","CS"
"Computing in Software Development L7 Yr 3 Sem 6","G-KSOFG73","BSc","CS"
"Software Development L8 Yr 4 Sem 7","G-KSOFGH84","BSc","CS"
"Software Development L8 Yr 4 Sem 8","G-KSOFGH84","BSc","CS"
"Science Software Development L8 Yr 4  Jan-May2017","G-KSOFGL84","HDip","CS"
"Science Software Development L8 Yr 4 Sept-Dec2017","G-KSOFGL84","HDip","CS"
"Computing in Software Development
 L6 Yr 2 Sem 3","G-KSOFN62","BSc","CS"
"Computing in Software Development
 L6 Yr 2 Sem 4","G-KSOFN62","BSc","CS"
"Web Technologies and Programming L7 Yr 1 Jan-May Sem 1","G-KWEBG71","BSc","CS"
"Web Technologies and Programming L7 Yr 1 Sept-Dec Sem 2","G-KWEBG71","BSc","CS"
"Culinary Arts - Springboard L6 Yr 1 Sem 1","G-FCULI61","Certificate","CA"
"Culinary Arts - Springboard L6 Yr 1 Sem 2","G-FCULI61","Certificate","CA"
"Professional Cookery Traineeship L6 Yr 2","G-FPCTG62","Advanced Certicate","CA"
"Total Immersion Chefs Programme L6 Yr 1 Sem 1","G-FTICG61","Unknown","CA"
"Total Immersion Chefs Programme L6 Yr 1 Sem 2","G-FTICG61","Unknown","CA"
"Arts in Culinary Arts - Professional Chef Programme 
L6 Yr 1 Sem 1","G-OCPCG61","HC","CA"
"Arts in Culinary Arts - Professional Chef Programme 
L6 Yr 1 Sem 2","G-OCPCG61","HC","CA"
"Arts in Culinary Arts - Professional Chef Programme 
L6 Yr 2 Sem 3","G-OCPCG62","HC","CA"
"Arts in Culinary Arts - Professional Chef Programme 
L6 Yr 2 Sem 4","G-OCPCG62","HC","CA"
"Culinary Arts L7 Yr 1 Sem 1","G-OCULG71","BB","CA"
"Culinary Arts L7 Yr 1 Sem 2","G-OCULG71","BB","CA"
"Culinary Arts L7 Yr 2 Sem 3","G-OCULG72","BB","CA"
"Culinary Arts L7 Yr 2 Sem 4","G-OCULG72","BB","CA"
"Culinary Arts L7 Yr 3 Sem 6","G-OCULG73","BB","CA"
"Culinary Arts L8 Yr 4 Sem 7","G-OCULG84","BB","CA"
"Culinary Arts L8 Yr 4 Sem 8","G-OCULG84","BB","CA"
"Culinary Arts L7 Yr 1 Sem 1","G-OCUPG71","BA","CA"
"Culinary Arts L7 Yr 1 Sem 2","G-OCUPG71","BA","CA"
"Culinary Arts L7 Yr 2 Sem 3","G-OCUPG72","BA","CA"
"Culinary Arts L7 Yr 2 Sem 4","G-OCUPG72","BA","CA"
"Culinary Arts L7 Yr 3 Sem 5","G-OCUPG73","BA","CA"
"Culinary Arts L7 Yr 3 Sem 6","G-OCUPG73","BA","CA"
"Electrical Installation 4A","G-CELEC1-4A","National Advanced Craft Certificate","EE"
"Electrical Installation 4B","G-CELEC1-4B","National Advanced Craft Certificate","EE"
"Electrical Installation 6A","G-CELEC2-6A","National Advanced Craft Certificate","EE"
"Electrical Installation 6B","G-CELEC2-6B","National Advanced Craft Certificate","EE"
"Computer & Electronic Eng L8 Yr 4","G-ECOEG84","BEng","EE"
"Computer & Electronic Eng L8 Yr 5 Sem 10","G-ECOEG85","BEng","EE"
"Computer & Electronic Eng L8 Yr 5 Sem 9","G-ECOEG85","BEng","EE"
"Computer & Electronic Eng Gr A L7 Yr 1 Sem 1","G-ECOLG71-A","BEng","EE"
"Computer & Electronic Eng Gr A L7 Yr 1 Sem 2","G-ECOLG71-A","BEng","EE"
"Computer & Electronic Eng Gr B L7 Yr 1 Sem 1","G-ECOLG71-B","BEng","EE"
"Computer & Electronic Eng Gr B L7 Yr 1 Sem 2","G-ECOLG71-B2","BEng","EE"
"Computer & Electronic Eng Gr C L7 Yr 1 Sem 1","G-ECOLG71-C","BEng","EE"
"Computer & Electronic Eng Gr C L7 Yr 1 Sem 2","G-ECOLG71-C","BEng","EE"
"Computer & Electronic Eng Gr A L7 Yr 2 Sem 3","G-ECOLG72-A","BEng","EE"
"Computer & Electronic Eng Gr A L7 Yr 2 Sem 4","G-ECOLG72-A","BEng","EE"
"Computer & Electronic Eng Gr B L7 Yr 2 Sem 3","G-ECOLG72-B","BEng","EE"
"Computer & Electronic Eng Gr B L7 Yr 2 Sem 4","G-ECOLG72-B","BEng","EE"
"Computer & Electronic Eng Gr C L7 Yr 2 Sem 3","G-ECOLG72-C","BEng","EE"
"Computer & Electronic Eng Gr C L7 Yr 2 Sem 4","G-ECOLG72-C","BEng","EE"
"Computer & Electronic Eng Gr A L7 Yr 3 Sem 5","G-ECOLG73-A","BEng","EE"
"Computer & Electronic Eng Gr A L7 Yr 3 Sem 6","G-ECOLG73-A","BEng","EE"
"Computer & Electronic Eng Gr B L7 Yr 3 Sem 5","G-ECOLG73-B","BEng","EE"
"Computer & Electronic Eng Gr B L7 Yr 3 Sem 6","G-ECOLG73-B","BEng","EE"
"Industrial Automation L7 Yr 1","G-EINAG71","SPA Certificate","EE"
"Industrial Automation L7 Yr 2","G-EINAG72","SPA Certificate","EE"
"IT Networking L7 Yr 1 Sem 1","G-EITNG71","Certificate","EE"
"IT Networking L7 Yr 1 Sem 1","G-EITNG71","Certificate","EE"
"IT Networking L7 Yr 2 Sem 3","G-EITNG72","Certificate","EE"
"IT Networking L7 Yr 2 Sem 3","G-EITNG72","Certificate","EE"
"Electrical Services & Automation Eng L7 Yr 1","G-ESAEG71","BEng","EE"
"Electrical Services & Automation Eng L7 Yr 2 Sem 3","G-ESAEG72","BEng","EE"
"Electrical Services & Automation Eng L7 Yr 2 Sem 4","G-ESAEG72","BEng","EE"
"Electrical Services & Automation Eng L7 Yr 3 Sem 5","G-ESAEG73","BEng","EE"
"Electrical Services & Automation Eng L7 Yr 3 Sem 6","G-ESAEG73","BEng","EE"
"Heritage Studies L7 Yr 1 Sem 1","G-HHERG71","BA","HT"
"Heritage Studies L7 Yr 1 Sem 2","G-HHERG71","BA","HT"
"Heritage Studies L7 Yr 2 Sem 3","G-HHERG72","BA","HT"
"Heritage Studies L7 Yr 2 Sem 4","G-HHERG72","BA","HT"
"Heritage Studies L7 Yr 3 Sem 5","G-HHERG73","BA","HT"
"Heritage Studies L7 Yr 3 Sem 6","G-HHERG73","BA","HT"
"Heritage Studies L8 Yr 1 Sem 1","G-HHERG81","BA","HT"
"Heritage Studies L8 Yr 1 Sem 2","G-HHERG81","BA","HT"
"Heritage Studies L8 Yr 2 Sem 3","G-HHERG82","BA","HT"
"Heritage Studies L8 Yr 2 Sem 4","G-HHERG82","BA","HT"
"Heritage Studies L8 Yr 3 Sem 5","G-HHERG83","BA","HT"
"Heritage Studies L8 Yr 3 Sem 6","G-HHERG83","BA","HT"
"Heritage Studies L8 Yr 4 Sem 7","G-HHERG84","BA","HT"
"Heritage Studies L8 Yr 4 Sem 8","G-HHERG84","BA","HT"
"Religious Studies L7 Yr 2 Sem3","G-HRELG72","BA","HT"
"Religious Studies L7 Yr 2 Sem4","G-HRELG72","BA","HT"
"Business in Tourism L6 Yr 1 Sem 1","G-OTOUG61","HC","HT"
"Business in Tourism L6 Yr 2 Sem 3","G-OTOUG62","HC","HT"
"Business in Tourism L6 Yr 2 Sem 4","G-OTOUG62","HC","HT"
"Tourism Mgmt L7 Yr 1 Sem 1","G-OTOUG71","BB","HT"
"Tourism Mgmt L7 Yr 1 Sem 2","G-OTOUG71","BB","HT"
"Tourism Mgmt L7 Yr 2 Sem 3","G-OTOUG72","BB","HT"
"Tourism Mgmt L7 Yr 2 Sem 4","G-OTOUG72","BB","HT"
"Tourism Mgmt L7 Yr 3 Sem 5","G-OTOUG73","BB","HT"
"Tourism Mgmt L7 Yr 3 Sem 6","G-OTOUG73","BB","HT"
"The Research Cycle: Theory and Practice Yr 5 Sem 9","G-SMHMG59","Unknown","HT"
"Applied Biology & Biopharmaceutical Sci L7&8 Yr 2 Sem 3","G-SABBG2","BSc","LPS"
"Applied Biology & Biopharmaceutical Sci L7&8 Yr 2 Sem 4","G-SABBG2","BSc","LPS"
"Applied Biology & Biopharmaceutical Sci L7&8 Yr 3 Sem 5","G-SABBG3","BSc","LPS"
"Applied Biology & Biopharmaceutical Sci L7&8 Yr 3 Sem 6","G-SABBG3","BSc","LPS"
"Applied Biology & Biopharmaceutical Sci L8 Yr 4 Sem 7","G-SABBG84","BSc","LPS"
"Applied Biology & Biopharmaceutical Sci L8 Yr 4 Sem 8","G-SABBG84","BSc","LPS"
"Applied Freshwater & Marine Biology Yr 2 Sem 3","G-SAFMG2","BSc","LPS"
"Applied Freshwater & Marine Biology Yr 3 Sem 5","G-SAFMG3","BSc","LPS"
"Applied Freshwater & Marine Biology L7 Yr 2 Sem 4","G-SAFMG72","BSc","LPS"
"Applied Freshwater & Marine Biology L7 Yr 3 Sem 6","G-SAFMG73","BSc","LPS"
"Applied Freshwater & Marine Biology L8 Yr 2 Sem 3","G-SAFMG82","BSc","LPS"
"Applied Freshwater & Marine Biology L8 Yr 2 Sem 4","G-SAFMG82","BSc","LPS"
"(Hons) in Applied Freshwater & Marine Biology L8 Yr 3 Sem 5","G-SAFMG83","BSc","LPS"
"Applied Freshwater & Marine Biology L8 Yr 3 Sem 6","G-SAFMG83","BSc","LPS"
"Applied Freshwater & Marine Biology L8 Yr 4 Sem 7","G-SAFMG84","BSc","LPS"
"Applied Freshwater & Marine Biology L8 Yr 4 Sem 8","G-SAFMG84","BSc","LPS"
"Agriculture Yr 1 Sem 1","G-SAGRG1","BSc","LPS"
"Rural Enterprise & Environmental Mgmt Yr 2 Sem 3","G-SAGRG2","BSc","LPS"
"Rural Enterprise & Environmental Mgmt L8 Yr 4 Sem 7","G-SAGRG4","BSc","LPS"
"Agriculture L7 Yr 1 Sem 2","G-SAGRG71","BSc","LPS"
"Rural Enterprise & Environmental Mgmt L7 Yr 2 Sem 4","G-SAGRG72","BSc","LPS"
"Rural Enterprise & Environmental Mgmt L7 Yr 3 Sem 5","G-SAGRG73","BSc","LPS"
"Rural Enterprise & Environmental Mgmt L7 Yr 3 Sem 6","G-SAGRG73","BSc","LPS"
"Rural Enterprise & Environmental Mgmt L8 Yr 4 Sem 8","G-SAGRG84","BSc","LPS"
"Chemical & Pharmaceutical Science Yr 2 Sem 3","G-SCHPG2","BSc","LPS"
"Chemical & Pharmaceutical Science Yr 3 Sem 5","G-SCHPG3","BSc","LPS"
"Chemical & Pharmaceutical Science Yr 3 Sem 5","G-SCHPG3","BSc","LPS"
"Chemical & Pharmaceutical Science Yr 4","G-SCHPG4","BSc","LPS"
"Chemical & Pharmaceutical Science L7&8 Yr 2 Sem 4","G-SCHPG72","BSc","LPS"
"(Hons) in Chemical & Pharmaceutical Science L8 Yr 2 Sem 4","G-SCHPG82","BSc","LPS"
"Medical Science L8 Yr 1 Sem 1","G-SCMLG81","BSc","LPS"
"Medical Science L8 Yr 1 Sem 2","G-SCMLG81","BSc","LPS"
"Medical Science L8 Yr 2 Sem 3","G-SCMLG82","BSc","LPS"
"Medical Science L8 Yr 2 Sem 4","G-SCMLG82","BSc","LPS"
"Medical Science L8 Yr 3","G-SCMLG83","BSc","LPS"
"Medical Science L8 Yr 4","G-SCMLG84","BSc","LPS"
"Common Science Gr A Yr 1 Sem 1","G-SCOMG1","BSc","LPS"
"Common Science Gr A-K Yr 1 Sem 1","G-SCOMG1","BSc","LPS"
"Common Science Gr B Yr 1 Sem 1","G-SCOMG1","BSc","LPS"
"Common Science Gr C Yr 1 Sem 1","G-SCOMG1","BSc","LPS"
"Common Science Gr D Yr 1 Sem 1","G-SCOMG1","BSc","LPS"
"Common Science Gr E Yr 1 Sem 1","G-SCOMG1","BSc","LPS"
"Common Science Gr F Yr 1 Sem 1","G-SCOMG1","BSc","LPS"
"Common Science Gr G Yr 1 Sem 1","G-SCOMG1","BSc","LPS"
"Common Science Gr H Yr 1 Sem 1","G-SCOMG1","BSc","LPS"
"Common Science Gr I Yr 1 Sem 1","G-SCOMG1","BSc","LPS"
"Common Science Gr J Yr 1 Sem 1","G-SCOMG1","BSc","LPS"
"Common Science Gr K Yr 1 Sem 1","G-SCOMG1","BSc","LPS"
"Common Science Gr L Yr 1 Sem 1","G-SCOMG1","BSc","LPS"
"Common Science Gr M Yr 1 Sem 1","G-SCOMG1","BSc","LPS"
"Common Science Gr N Yr 1 Sem 1","G-SCOMG1","BSc","LPS"
"(Ord): Common Science Gr A L7 Yr 1 Sem 2","G-SCOMG71","BSc","LPS"
"(Ord): Common Science Gr A-K L7 Yr 1 Sem 2","G-SCOMG71","BSc","LPS"
"(Ord): Common Science Gr B L7 Yr 1 Sem 2","G-SCOMG71","BSc","LPS"
"(Ord): Common Science Gr C  L7 Yr 1 Sem 2","G-SCOMG71","BSc","LPS"
"(Ord): Common Science Gr D L7 Yr 1 Sem 2","G-SCOMG71","BSc","LPS"
"(Ord): Common Science Gr E L7 Yr 1 Sem 2","G-SCOMG71","BSc","LPS"
"(Ord): Common Science Gr F L7 Yr 1 Sem 2","G-SCOMG71","BSc","LPS"
"(Ord): Common Science Gr G L7 Yr 1 Sem 2","G-SCOMG71","BSc","LPS"
"(Ord): Common Science Gr H L7 Yr 1 Sem 2","G-SCOMG71","BSc","LPS"
"(Ord): Common Science Gr I L7 Yr 1 Sem 2","G-SCOMG71","BSc","LPS"
"(Ord): Common Science Gr J L7 Yr 1 Sem 2","G-SCOMG71","BSc","LPS"
"(Ord): Common Science Gr K L7 Yr 1 Sem 2","G-SCOMG71","BSc","LPS"
"(Ord): Common Science Gr L L7 Yr 1 Sem 2","G-SCOMG71","BSc","LPS"
"(Ord): Common Science Gr M L7 Yr 1 Sem 2","G-SCOMG71","BSc","LPS"
"(Ord): Common Science Gr N L7 Yr 1 Sem 2","G-SCOMG71","BSc","LPS"
"Food Innovation and Entrepreneurship L9","G-SFIEG95","Certificate","LPS"
"Forensic Science. & Analysis L8 Yr 2 Sem 3","G-SFSCG82","BSc","LPS"
"Forensic Science. & Analysis L8 Yr 2 Sem 4","G-SFSCG82","BSc","LPS"
"Forensic Science. & Analysis L8 Yr 3 Sem 5","G-SFSCG83","BSc","LPS"
"Forensic Science. & Analysis L8 Yr 4 Sem 7","G-SFSCG84","BSc","LPS"
"Forensic Science. & Analysis L8 Yr 4 Sem 8","G-SFSCG84","BSc","LPS"
"The Erasmus Mundus Biodiversity & Conservation (EMBC) Yr 5","G-SMBCC95","MSc","LPS"
"Medical Device Technology L6 Yr 1","G-SMEDG61","Certificate","LPS"
"Physics & Instrumentation L7&8 Yr 2 Sem 4","G-SPHYG2","BSc","LPS"
"Physics & Instrumentation Yr 2 Sem 3","G-SPHYG2","BSc","LPS"
"Physics & Instrumentation L7&8 Yr 3","G-SPHYG3","BSc","LPS"
"(Hons) in Physics & Instrumentation L8 Yr 2 Sem 4","G-SPHYG82","BSc","LPS"
"Physics & Instrumentation L8 Yr 4 Sem 8","G-SPHYG84","BSc","LPS"
"Physics & Instrumentation Yr 4 Sem 7","G-SPHYG84","BSc","LPS"
"(Honours) in Sport and Exercise Science L8 Yr 1 Sem 1","G-SSESG81","BSc","LPS"
"(Honours) in Sport and Exercise Science L8 Yr 1 Sem 2","G-SSESG81","BSc","LPS"
"Energy Eng Gr F Yr 1 Sem 1","G-EENEG1-F","BEng","MIE"
"Energy Eng Gr H Yr 1 Sem 1","G-EENEG1-H","BEng","MIE"
"Energy Eng Yr 2 Sem 3","G-EENEG2","BEng","MIE"
"Energy Eng Yr 3 Sem 5","G-EENEG3","BEng","MIE"
"Energy Eng Gr F L7 Yr 1 Sem 2","G-EENEG71-A","BEng","MIE"
"Energy Eng Gr H L7 Yr 1 Sem 2","G-EENEG71-B","BEng","MIE"
"Energy Eng Gr A L7 Yr 2 Sem 4","G-EENEG72-A","BEng","MIE"
"Energy Eng Gr A L7 Yr 3 Sem 6","G-EENEG73-A","BEng","MIE"
"Energy Eng L8 Yr 4 Sem 7","G-EENEG84","BEng","MIE"
"Energy Eng L8 Yr 4 Sem 8","G-EENEG84","BEng","MIE"
"Mechanical Eng Gr A Yr 1 Sem 1","G-EMECG1-A","BEng","MIE"
"Mechanical Eng Gr B Yr 1 Sem 1","G-EMECG1-B","BEng","MIE"
"Mechanical Eng Gr C Yr 1 Sem 1","G-EMECG1-C","BEng","MIE"
"Mechanical Eng Gr D Yr 1 Sem 1","G-EMECG1-D","BEng","MIE"
"Mechanical Eng Gr E Yr 1 Sem 1","G-EMECG1-E","BEng","MIE"
"Mechanical Eng Gr F Yr 1 Sem 1","G-EMECG1-F","BEng","MIE"
"Mechanical Eng Gr A Yr 3 Sem 5","G-EMECG3-A","BEng","MIE"
"Mechanical Eng Gr B Yr 3 Sem 5","G-EMECG3-B","BEng","MIE"
"Mechanical Eng Gr C Yr 3 Sem 5","G-EMECG3-C","BEng","MIE"
"Mechanical Eng Gr A L7 Yr 1 Sem 2","G-EMECG71-A","BEng","MIE"
"Mechanical Eng Gr B L7 Yr 1 Sem 2","G-EMECG71-B","BEng","MIE"
"Mechanical Eng Gr C L7 Yr 1 Sem 2","G-EMECG71-C","BEng","MIE"
"Mechanical Eng Gr D L7 Yr 1 Sem 2","G-EMECG71-D","BEng","MIE"
"Mechanical Eng Gr E L7 Yr 1 Sem 2","G-EMECG71-E","BEng","MIE"
"Mechanical Eng Gr A L7 Yr 2 Sem 3","G-EMECG72-A","BEng","MIE"
"Mechanical Eng Gr A L7 Yr 2 Sem 4","G-EMECG72-A","BEng","MIE"
"Mechanical Eng Gr B L7 Yr 2 Sem 3","G-EMECG72-B","BEng","MIE"
"Mechanical Eng Gr B L7 Yr 2 Sem 4","G-EMECG72-B","BEng","MIE"
"Mechanical Eng Gr C L7 Yr 2 Sem 3","G-EMECG72-C","BEng","MIE"
"Mechanical Eng Gr C L7 Yr 2 Sem 4","G-EMECG72-C","BEng","MIE"
"Mechanical Eng Gr D L7 Yr 2 Sem 3","G-EMECG72-D","BEng","MIE"
"Mechanical Eng Gr D L7 Yr 2 Sem 4","G-EMECG72-D","BEng","MIE"
"Mechanical Eng Gr A L7 Yr 3 Sem 6","G-EMECG73-A","BEng","MIE"
"Mechanical Eng Gr B L7 Yr 3 Sem 6","G-EMECG73-B","BEng","MIE"
"Mechanical Eng Gr C L7 Yr 3 Sem 6","G-EMECG73-C","BEng","MIE"
"Mechanical Eng L8 Yr 4 Sem 7","G-EMECG84","BEng","MIE"
"Mechanical Eng L8 Yr 4 Sem 8","G-EMECG84","BEng","MIE"
"Motor Engineering Phase 6","G-EMOME6","NCC","MIE"
"(Ordinary) Bar & Restaurant Management
 L7 Yr 3 Sem 6","G-OBRMG73","BBs","SI"
"Event Mgmt (with Public Relations) L7 Yr 1 Sem 2","G-OEVEG71","BB","SI"
"Event Mgmt (with Public Relations) L7 Yr 2 Sem 3","G-OEVEG72","BB","SI"
"Event Mgmt (with Public Relations) L7 Yr 2 Sem 4","G-OEVEG72","BB","SI"
"Event Mgmt (with Public Relations) L7 Yr 3 Sem 5","G-OEVEG73","BB","SI"
"Event Mgmt (with Public Relations) L7 Yr 3 Sem 6","G-OEVEG73","BB","SI"
"Event Mgmt (with Public Relations) L7 Yr 1 Sem 1","G-OEVEN71","BB","SI"
"Hotel and Catering Mgmt L7 Yr 1 Sem 1","G-OHCAG71","BB","SI"
"Hotel and Catering Mgmt L7 Yr 1 Sem 2","G-OHCAG71","BB","SI"
"Hotel and Catering Mgmt L7 Yr 2 Sem 3","G-OHCAG72","BB","SI"
"Hotel and Catering Mgmt L7 Yr 2 Sem 4","G-OHCAG72","BB","SI"
"Hotel and Catering Mgmt L7 Yr 3 Sem 5","G-OHCAG73","BB","SI"
"Hotel and Catering Mgmt L7 Yr 3 Sem 6","G-OHCAG73","BB","SI"
"Hotel and Catering Management L8 Yr 1 Sem 1","G-OHCAG81","BA","SI"
"Hotel and Catering Management L8 Yr 1 Sem 2","G-OHCAG81","BA","SI"
"Hotel and Catering Mgmt L8 Yr 2 Sem 3","G-OHCAG82","BA","SI"
"Hotel and Catering Mgmt L8 Yr 2 Sem 4","G-OHCAG82","BA","SI"
"Hotel and Catering Mgmt L8 Yr 3 Sem 6","G-OHCAG83","BA","SI"
"Hotel and Catering Mgmt L8 Yr 4 Sem 7","G-OHCAG84","BA","SI"
"Hotel and Catering Mgmt L8 Yr 4 Sem 8","G-OHCAG84","BA","SI"
"Arts in Hotel and Hospitality Studies L6 Yr 2 Sem 3","G-OHOPG62","HC","SI"
"Arts in Hotel and Hospitality Studies L6 Yr 2 Sem 4","G-OHOPG62","HC","SI"
"Arts in Hotel and Hospitality Studies L6 Yr 1 Sem 1","G-OHOSG61","HC","SI"
"Arts in Hotel and Hospitality Studies L6 Yr 1 Sem 2","G-OHOSG61","HC","SI"
"Retail Mgmt L7 Yr 1 Sem 1","G-OREMG71","BB","SI"
"Retail Mgmt L7 Yr 1 Sem 2","G-OREMG71","BB","SI"
"Retail Mgmt L7 Yr 2 Sem 3","G-OREMG72","BB","SI"
"Retail Mgmt L7 Yr 2 Sem 4","G-OREMG72","BB","SI"
"Retail & Customer Service Mgmt L7 Yr 3 Sem 6","G-ORETG73","BB","SI"
"Chartered Certified Accountants Professional L9 Yr 5 Sem 09","G-BACAG95","Assc","SOB_AIS"
"Chartered Certified Accountants Professional L9 Yr 5 Sem 10","G-BACAG95","Assc","SOB_AIS"
"Accountancy L8 Yr 1 Sem 1","G-BACCG81","BB","SOB_AIS"
"Accountancy L8 Yr 1 Sem 2","G-BACCG81","BB","SOB_AIS"
"Accountancy L8 Yr 2 Sem 3","G-BACCG82","BB","SOB_AIS"
"Accountancy L8 Yr 2 Sem 4","G-BACCG82","BB","SOB_AIS"
"Accountancy L8 Yr 3 Sem 5","G-BACCG83","BB","SOB_AIS"
"Accountancy L8 Yr 3 Sem 6","G-BACCG83","BB","SOB_AIS"
"Diploma in Accounting L9 Yr 5 Sem 09","G-BACCG95","Post Graduate","SOB_AIS"
"Diploma in Accounting L9 Yr 5 Sem 10","G-BACCG95","Post Graduate","SOB_AIS"
"Admin & Info Systems L7 Yr 3 Sem 5","G-BADIG73","BB","SOB_AIS"
"Admin & Info Systems L7 Yr 3 Sem 6","G-BADIG73","BB","SOB_AIS"
"Business Information Systems L7 Yr 1 Sem 1","G-BBISG71","BSc","SOB_AIS"
"Business Information Systems
 L7 Yr 1 Sem 2","G-BBISG71","BSc","SOB_AIS"
"Business Information Systems L7 Yr 2 Sem 3","G-BBISG72","BSc","SOB_AIS"
"Business Information Systems L7 Yr 2 Sem 4","G-BBISG72","BSc","SOB_AIS"
"(Hons) in Business Information Systems
 L8 Yr 1 Sem 1","G-BBISG81","BSc","SOB_AIS"
"(Hons) in Business Information Systems
 L8 Yr 1 Sem 2","G-BBISG81","BSc","SOB_AIS"
"(Hons) in Business Information Systems
 L8 Yr 2 Sem 3","G-BBISG82","BSc","SOB_AIS"
"(Hons) in Business Information Systems
 L8 Yr 2 Sem 4","G-BBISG82","BSc","SOB_AIS"
"Info Systems Mgmt L8 Yr 3 Sem 5","G-BINAG83","BA","SOB_AIS"
"Info Systems Mgmt L8 Yr 3 Sem 6","G-BINAG83","BA","SOB_AIS"
"Information Systems Mgmt L8 Yr 4 Sem 7","G-BINSG84","BA","SOB_AIS"
"Information Systems Mgmt L8 Yr 4 Sem 8","G-BINSG84","BA","SOB_AIS"
"IN Entrepreneurship L7 Yr 1 Sem 1","G-BBENG71","BB","SOB_M"
"Entrepreneurship L7 Yr 1 Sem 2","G-BBENG71","BB","SOB_M"
" Entrepreneurship L7 Yr 2 Sem 3","G-BBENG72","Bachelor of Business","SOB_M"
"Entrepreneurship L7 Yr 2 Sem 4","G-BBENG72","Bachelor of Business","SOB_M"
"(Honours) in Entrepreneurship L8 Yr 1 Sem 1","G-BBENG81","Bachelor of Business","SOB_M"
"(Honours) in Entrepreneurship L8 Yr 1 Sem 2","G-BBENG81","Bachelor of Business","SOB_M"
"(Honours) in Entrepreneurship L8 Yr 2 Sem 3","G-BBENG82","Bachelor of Business","SOB_M"
"(Honours) in Entrepreneurship L8 Yr 2 Sem 4","G-BBENG82","Bachelor of Business","SOB_M"
"Business L8 Yr 1 Sem 1","G-BBUAG81","BB","SOB_M"
"Business L8 Yr 1 Sem 2","G-BBUAG81","BB","SOB_M"
"Business L8 Yr 2 Sem 3","G-BBUAG82","BB","SOB_M"
"Business L8 Yr 2 Sem 4","G-BBUAG82","BB","SOB_M"
"Business in Human Resources Management L8 Yr 3 Sem 5","G-BBUAG83","BB","SOB_M"
"Business in Human Resources Management L8 Yr 3 Sem 6","G-BBUAG83","BB","SOB_M"
"Business in Information Technology L8 Yr 3 Sem 5","G-BBUAG83","BB","SOB_M"
"Business in Information Technology L8 Yr 3 Sem 6","G-BBUAG83","BB","SOB_M"
"Business in Marketing L8 Yr 3 Sem 5","G-BBUAG83","BB","SOB_M"
"Business in Marketing L8 Yr 3 Sem 6","G-BBUAG83","BB","SOB_M"
"L7 Yr 1 Sem 2","G-BBUSG71","Bachelor of Business","SOB_M"
"Business L7 Yr 1 Sem 1","G-BBUSG71","BB","SOB_M"
"L7 & BBUAG82 BB in Business L8 Yr 2 Sem 4","G-BBUSG72","Bachelor of Business","SOB_M"
"L7 Yr 2 Sem 3","G-BBUSG72","Bachelor of Business","SOB_M"
"Human Resources Management L7 Yr 3 Sem 5","G-BBUSG73","Bachelor of Business","SOB_M"
"Human Resources Management L7 Yr 3 Sem 6","G-BBUSG73","Bachelor of Business","SOB_M"
"Information Technology L7 Yr 3 Sem 5","G-BBUSG73","Bachelor of Business","SOB_M"
"Information Technology L7 Yr 3 Sem 6","G-BBUSG73","Bachelor of Business","SOB_M"
"Marketing L7 Yr 3 Sem 5","G-BBUSG73","Bachelor of Business","SOB_M"
"Marketing L7 Yr 3 Sem 6","G-BBUSG73","Bachelor of Business","SOB_M"
"Economics & Finance L8 Yr 4 Sem 7","G-BBUSG84","Bachelor of Business","SOB_M"
"HRM L8 Yr 4 Sem 7","G-BBUSG84","Bachelor of Business","SOB_M"
"Management L8 Yr 4 Sem 7","G-BBUSG84","Bachelor of Business","SOB_M"
"Marketing  L8 Yr 4 Sem 7","G-BBUSG84","Bachelor of Business","SOB_M"
"Rural Enterprise L8 Yr 4 Sem 7","G-BBUSG84","Bachelor of Business","SOB_M"
"Economics & Finance L8 Yr 4 Sem 8","G-BBUSS84","Bachelor of Business","SOB_M"
"HRM L8 Yr 4 Sem 8","G-BBUSS84","Bachelor of Business","SOB_M"
"Marketing L8 Yr 4 Sem 8","G-BBUSS84","Bachelor of Business","SOB_M"
"Mgmt L8 Yr 4 Sem 8","G-BBUSS84","Bachelor of Business","SOB_M"
"Rural Enterprise L8 Yr 4 Sem 8","G-BBUSS84","Bachelor of Business","SOB_M"
"Finance and Economics Yr 1 Sem 1","G-BFING71","Bachelor of Business","SOB_M"
"Finance and Economics Yr 1 Sem 1","G-BFING71","Bachelor of Business","SOB_M"
"Finance and Economics Yr 2 Sem 3","G-BFING72","Bachelor of Business","SOB_M"
"Finance and Economics Yr 2 Sem 4","G-BFING72","Bachelor of Business","SOB_M"
"(Honours) in Finance and Economics L8 Yr 1 Sem 1","G-BFING81","Bachelor of Business","SOB_M"
"(Honours) in Finance and Economics L8 Yr 1 Sem 1","G-BFING81","Bachelor of Business","SOB_M"
"(Honours) in Finance and Economics L8 Yr 2 Sem 3","G-BFING82","Bachelor of Business","SOB_M"
"(Honours) in Finance and Economics L8 Yr 2 Sem 4","G-BFING82","Bachelor of Business","SOB_M"
"Marketing L7 Yr 1 Sem 1","G-BMASG71","Bachelor of Business","SOB_M"
"Marketing L7 Yr 1 Sem 1","G-BMASG71","Bachelor of Business","SOB_M"
"Marketing L7 Yr 2 Sem 3","G-BMASG72","Bachelor of Business","SOB_M"
"Marketing L7 Yr 2 Sem 4","G-BMASG72","Bachelor of Business","SOB_M"
"(Honours) in Marketing L8 Yr 1 Sem 1","G-BMASG81","Bachelor of Business","SOB_M"
"(Honours) in Marketing L8 Yr 1 Sem 1","G-BMASG81","Bachelor of Business","SOB_M"
"(Honours) in Marketing L8 Yr 2 Sem 3","G-BMASG82","Bachelor of Business","SOB_M"
"(Honours) in Marketing L8 Yr 2 Sem 4","G-BMASG82","Bachelor of Business","SOB_M"
"Rural Enterprise & Agri-Business L7 Yr 1 Sem 1","G-BRUAG71","BB","SOB_M"
"Rural Enterprise & Agri-Business L7 Yr 1 Sem 2","G-BRUAG71","BB","SOB_M"
"Rural Enterprise & Agri-Business L7 Yr 2 Sem 3","G-BRUAG72","BB","SOB_M"
"Rural Enterprise & Agri-Business L7 Yr 2 Sem 4","G-BRUAG72","BB","SOB_M"
"Rural Enterprise & Agri-Business L7 Yr 3 Sem 5","G-BRUAG73","BB","SOB_M"
"Rural Enterprise & Agri-Business L7 Yr 3 Sem 6","G-BRUAG73","BB","SOB_M"
"Ed (Construction Studies/Design/Comm Graphics) L8 Yr 4","L-AEDUL84","Prof Dipl","EFDT"
"Design & Technical Education (Honours) L8 Yr 1","L-SDETL81","BSc","EFDT"
"Design & Technical Education (Honours) L8 Yr 2","L-SDETL82","BSc","EFDT"
"Design & Technical Education L8 Yr 3","L-SDETL83","BSc","EFDT"
"Design & Technical Education L8 Yr 4","L-SDETL84","BSc","EFDT"
"Furniture Design and Manufacture (Honours) L8 Yr 1 Gr 1","L-SFDAL81-1","BSc","EFDT"
"Furniture Design and Manufacture (Honours) L8 Yr 1 Gr2","L-SFDAL81-2","BSc","EFDT"
"Furniture Design and Manufacture (Honours) L8 Yr 2 Gr 1","L-SFDAL82-1","BSc","EFDT"
"Furniture Design and Manufacture (Honours) L8 Yr 2 Gr 2","L-SFDAL82-2","BSc","EFDT"
"L-SFDAL83-1","L-SFDAL83-1","L8 Yr 3","EFDT"
"L-SFDAL83-1","L-SFDAL83-1","L8 Yr 3","EFDT"
"Furniture Design and Manufacture L7 Yr 1 Gr1","L-SFUDL71-1","BSc","EFDT"
"Furniture Design and Manufacture L7 Yr 1 Gr2","L-SFUDL71-2","BSc","EFDT"
"Furniture Design and Manufacture L7 Yr 2 Gr 1","L-SFUDL72-1","BSc","EFDT"
"Furniture Design and Manufacture L7 Yr 2 Gr 2","L-SFUDL72-2","BSc","EFDT"
"Furniture Design and Manufacture L7  Yr 3 Gr 1","L-SFUDL73","BSc","EFDT"
"Furniture Design and Manufacture L7 Yr 3 Gr 2","L-SFUDL73","BSc","EFDT"
"(Honours) in Furniture Design and Manufacture L8 Yr 1 Gr1","L-SFUDL81-1","BSc","EFDT"
"(Honours) in Furniture Design and Manufacture L8 Yr 1 Grr2","L-SFUDL81-2","BSc","EFDT"
"Furniture Design and Manufacture L8 Yr 2 Gr 1","L-SFUDL82-1","BSc","EFDT"
"Furniture Design and Manufacture L8 Yr 2 Gr 1","L-SFUDL82-1","BSc","EFDT"
"Furniture Design and Manufacture L8  Yr 3 Gr 1","L-SFUDL83","BSc","EFDT"
"Furniture Design and Manufacture L8  Yr 3 Gr 1","L-SFUDL83","BSc","EFDT"
"Furniture Design and Manufacture (Honours) L8 Yr 4","L-SFUDL84","BSc","EFDT"
"Furniture & Wood Technology L7 Yr 1","L-SFUWL71","BSc","EFDT"
"Furniture & Wood Technology L7 Yr 2","L-SFUWL72","BSc","EFDT"
"Furniture & Wood Technology (Honours) L8 Yr 3","L-SFUWL83","BSc","EFDT"
"Furniture & Wood Technology (Honours) L8 Yr 4","L-SFUWL84","BSc","EFDT"
"Management Yr1","MA-Cons","SPA","Mayo"
"Applied Social Studies L7 Yr 1","MA-ASC1_SCARC_B07","BA","Mayo"
"Applied Social Studies L7 Yr 2","MA-ASC2_SCARC_B07","BA","Mayo"
"Applied Social Studies L7 Yr 3","MA-ASC3_SASSC_B07","BA","Mayo"
"Applied Social Studies L8 Yr 4","MA-ASC4-SCARC_H08","Unknown","Mayo"
"Accounting and Finance L7 Yr 1","MA-BAFM1-BAFMCC71","BA","Mayo"
"Accounting & Financial Mgmt L7 Yr 2","MA-BAFM2-BACFA72","BA","Mayo"
"Accounting & Financial Mgmt (Add on) L7 Yr 3","MA-BAFM3-BAFMC73","BA","Mayo"
"(Honours) in Accounting L8 Yr 4","MA-BAFM4-BACTC84","Bachelor of Business","Mayo"
"Business L7 Yr 1","MA-BUS1-BBUSC71","BB","Mayo"
"Business L7 Yr 2","MA-BUS2-BBUSC72","BB","Mayo"
"Business L7 Yr 3","MA-BUS3_BBUSS_B07","BB","Mayo"
"MA-BUS4-BBUSC84 L8 Yr 4","MA-BUS4-BBUSC84","Bachelor of Business","Mayo"
"HC in Computer Applications L6 Yr 2","MA-CA2","BICT62","Mayo"
"Construction Management in Refurbishment and Maintenance Yr 3","MA-CON3-CMRMC73","BSc","Mayo"
"Digital Media & Society L8 Yr 2","MA-DigMe2-KDMSC_H08","BSc","Mayo"
"Digital Media & Society L8 Yr 3","MA-DigMe3-KDMSC_H08","BSc","Mayo"
"Digital Media & Society L8 Yr 4","MA-DigMe4-KDMSC_H08","BSc","Mayo"
"Foundation Studies","MA-Found-TFOUC_F05","Unknown","Mayo"
"Humanities in Heritage Studies L7 Yr 2","MA-Her2-HHERC71","BA","Mayo"
"Humanities in Heritage Studies L7 Yr 3","MA-Her3_HHERC_B07","BA","Mayo"
"Heritage Studies L8 Yr 4","MA-Her4-HHERI84","BA","Mayo"
"Human Resource Mgmt L7 Yr 2","MA-HRM2-BHRMC72","BA","Mayo"
"Science in Info Tech Support L6 Yr 1","MA-ITS1-KITSC61","HC","Mayo"
"Science in Info Tech Support L6 Yr 2","MA-ITS2-KITSC62","HC","Mayo"
"Computing in Info Tech Administration L7 Yr 3","MA-ITS3-KITAC73","BSc","Mayo"
"Computer Service Mgmt L8 Yr 4","MA-ITS4-KCSMC84","BSc","Mayo"
"(Hons) in General Nursing Yr 2","MA-NGen2-SGENC82","BSc","Mayo"
"General Nursing L8 Yr 3","MA-NGen3-SGENC83","BSc","Mayo"
"General Nursing L8 Yr 4","MA-NGen4-SGENC84","BSc","Mayo"
"Nursing International Program","MA-NInt4-NNURSK84","Unknown","Mayo"
"Psychiatric Nursing L8 Yr 1","MA-NPsy1-SPSYC81","BSc","Mayo"
"(Hons) in Psychiatric Nursing Yr 2","MA-NPsy2-SPSYC82","BSc","Mayo"
"Psychiatric Nursing Yr 3","MA-NPsy3-SPSYC83","BSc","Mayo"
"Psychiatric Nursing Yr 4","MA-NPsy4-SPSYC83","BSc","Mayo"
"Early Childhood Education and Care","MA-N-SECHC","Unknown","Mayo"
"Outdoor Education & Leisure L7 Yr 1","MA-OE1-HOELC71","BA","Mayo"
"Outdoor Education & Leisure L7 Yr 2","MA-OE2-HOELC72","BA","Mayo"
"Outdoor Education and Leisure L7 Yr 3","MA-OE3-HOELC73","BA","Mayo"
"Supervisory Management  Yr 1","MA-SUPMAN1-BSVMC71","Unknown","Mayo"
"Outdoor Education & Leisure L8 Yr 4","M-HOEDC84","BA","Mayo"
"General Nursing L8 Yr 1","M-NGen1-SGENC81","BSc","Mayo"
